observed_at,round_id,source
2026-08-07 20:38:43,6432264,GetUserBets
2026-08-07 20:38:43,6432247,GetUserBets
2026-08-07 20:38:43,6430240,GetUserBets
2026-08-07 20:38:43,6430237,GetUserBets
2026-08-07 20:38:43,6430236,GetUserBets
2026-08-07 20:38:43,6430235,GetUserBets
2026-08-07 20:38:43,6430233,GetUserBets
2026-08-07 20:38:43,6430232,GetUserBets
2026-08-07 20:38:43,6430231,GetUserBets
2026-08-07 20:38:43,6430108,GetUserBets
2026-08-08 13:02:40,6436881,GetParticipants
2026-08-08 13:08:19,6436896,GetParticipants
2026-08-08 13:22:38,6436936,GetParticipants
2026-08-08 15:10:36,6437246,GetCurrentRound
2026-08-08 15:10:37,6437245,GetRoundsHistory
2026-08-08 15:10:37,6437244,GetRoundsHistory
2026-08-08 15:10:37,6437243,GetRoundsHistory
2026-08-08 15:10:37,6437242,GetRoundsHistory
2026-08-08 15:10:37,6437241,GetRoundsHistory
2026-08-08 15:10:37,6437240,GetRoundsHistory
2026-08-08 15:10:37,6437239,GetRoundsHistory
2026-08-08 15:10:37,6437238,GetRoundsHistory
2026-08-08 15:10:37,6437237,GetRoundsHistory
2026-08-08 15:10:37,6437236,GetRoundsHistory
2026-08-08 15:10:37,6437235,GetRoundsHistory
2026-08-08 15:10:37,6437234,GetRoundsHistory
2026-08-08 15:10:37,6437233,GetRoundsHistory
2026-08-08 15:10:37,6437232,GetRoundsHistory
2026-08-08 15:10:37,6437231,GetRoundsHistory
2026-08-08 15:10:37,6437230,GetRoundsHistory
2026-08-08 15:10:37,6437229,GetRoundsHistory
2026-08-08 15:10:37,6437228,GetRoundsHistory
2026-08-08 15:10:37,6437227,GetRoundsHistory
2026-08-08 15:10:37,6437226,GetRoundsHistory
2026-08-08 15:10:37,6437225,GetRoundsHistory
2026-08-08 15:10:37,6437224,GetRoundsHistory
2026-08-08 15:10:37,6437223,GetRoundsHistory
2026-08-08 15:10:37,6437222,GetRoundsHistory
2026-08-08 15:10:37,6437221,GetRoundsHistory
2026-08-08 15:10:37,6437220,GetRoundsHistory
2026-08-08 15:10:37,6437219,GetRoundsHistory
2026-08-08 15:10:37,6437218,GetRoundsHistory
2026-08-08 15:10:37,6437217,GetRoundsHistory
2026-08-08 15:10:37,6437216,GetRoundsHistory
2026-08-08 15:10:37,6437215,GetRoundsHistory
2026-08-08 15:10:37,6437214,GetRoundsHistory
2026-08-08 15:10:37,6437213,GetRoundsHistory
2026-08-08 15:10:37,6437212,GetRoundsHistory
2026-08-08 15:10:37,6437211,GetRoundsHistory
2026-08-08 15:10:37,6437210,GetRoundsHistory
2026-08-08 15:10:37,6437209,GetRoundsHistory
2026-08-08 15:10:37,6437208,GetRoundsHistory
2026-08-08 15:10:37,6437207,GetRoundsHistory
2026-08-08 15:10:37,6437206,GetRoundsHistory
2026-08-08 15:10:37,6437205,GetRoundsHistory
2026-08-08 15:10:37,6437204,GetRoundsHistory
2026-08-08 15:10:37,6437203,GetRoundsHistory
2026-08-08 15:10:37,6437202,GetRoundsHistory
2026-08-08 15:10:37,6437201,GetRoundsHistory
2026-08-08 15:10:37,6437200,GetRoundsHistory
2026-08-08 15:10:37,6437199,GetRoundsHistory
2026-08-08 15:10:37,6437198,GetRoundsHistory
2026-08-08 15:10:37,6437197,GetRoundsHistory
2026-08-08 15:10:37,6437196,GetRoundsHistory
2026-08-08 15:10:37,6437195,GetRoundsHistory
2026-08-08 15:10:37,6437194,GetRoundsHistory
2026-08-08 15:10:37,6437193,GetRoundsHistory
2026-08-08 15:10:37,6437192,GetRoundsHistory
2026-08-08 15:10:37,6437191,GetRoundsHistory
2026-08-08 15:10:37,6437190,GetRoundsHistory
2026-08-08 15:10:37,6437189,GetRoundsHistory
2026-08-08 15:10:37,6437188,GetRoundsHistory
2026-08-08 15:10:37,6437187,GetRoundsHistory
2026-08-08 15:10:37,6437186,GetRoundsHistory
2026-08-08 15:10:37,6437185,GetRoundsHistory
2026-08-08 15:10:37,6437184,GetRoundsHistory
2026-08-08 15:10:37,6437183,GetRoundsHistory
2026-08-08 15:10:37,6437182,GetRoundsHistory
2026-08-08 15:10:37,6437181,GetRoundsHistory
2026-08-08 15:10:37,6437180,GetRoundsHistory
2026-08-08 15:10:37,6437179,GetRoundsHistory
2026-08-08 15:10:37,6437178,GetRoundsHistory
2026-08-08 15:10:37,6437177,GetRoundsHistory
2026-08-08 15:10:37,6437176,GetRoundsHistory
2026-08-08 15:10:37,6437175,GetRoundsHistory
2026-08-08 15:10:37,6437174,GetRoundsHistory
2026-08-08 15:10:37,6437173,GetRoundsHistory
2026-08-08 15:10:37,6437172,GetRoundsHistory
2026-08-08 15:10:37,6437171,GetRoundsHistory
2026-08-08 15:10:37,6437170,GetRoundsHistory
2026-08-08 15:10:37,6437169,GetRoundsHistory
2026-08-08 15:10:37,6437168,GetRoundsHistory
2026-08-08 15:10:37,6437167,GetRoundsHistory
2026-08-08 15:10:37,6437166,GetRoundsHistory
2026-08-08 15:10:37,6437165,GetRoundsHistory
2026-08-08 15:10:37,6437164,GetRoundsHistory
2026-08-08 15:10:37,6437163,GetRoundsHistory
2026-08-08 15:10:37,6437162,GetRoundsHistory
2026-08-08 15:10:37,6437161,GetRoundsHistory
2026-08-08 15:10:37,6437160,GetRoundsHistory
2026-08-08 15:10:37,6437159,GetRoundsHistory
2026-08-08 15:10:37,6437158,GetRoundsHistory
2026-08-08 15:10:37,6437157,GetRoundsHistory
2026-08-08 15:10:37,6437156,GetRoundsHistory
2026-08-08 15:10:37,6437155,GetRoundsHistory
2026-08-08 15:10:37,6437154,GetRoundsHistory
2026-08-08 15:10:37,6437153,GetRoundsHistory
2026-08-08 15:10:37,6437152,GetRoundsHistory
2026-08-08 15:10:37,6437151,GetRoundsHistory
2026-08-08 15:10:37,6437150,GetRoundsHistory
2026-08-08 15:10:37,6437149,GetRoundsHistory
2026-08-08 15:10:37,6437148,GetRoundsHistory
2026-08-08 15:10:37,6437147,GetRoundsHistory
2026-08-08 15:10:37,6437146,GetRoundsHistory
2026-08-09 13:12:02,6441288,GetCurrentRound
2026-08-09 13:12:02,6441287,GetRoundsHistory
2026-08-09 13:12:02,6441286,GetRoundsHistory
2026-08-09 13:12:02,6441285,GetRoundsHistory
2026-08-09 13:12:02,6441284,GetRoundsHistory
2026-08-09 13:12:02,6441283,GetRoundsHistory
2026-08-09 13:12:02,6441282,GetRoundsHistory
2026-08-09 13:12:02,6441281,GetRoundsHistory
2026-08-09 13:12:02,6441280,GetRoundsHistory
2026-08-09 13:12:02,6441279,GetRoundsHistory
2026-08-09 13:12:02,6441278,GetRoundsHistory
2026-08-09 13:12:02,6441277,GetRoundsHistory
2026-08-09 13:12:02,6441276,GetRoundsHistory
2026-08-09 13:12:02,6441275,GetRoundsHistory
2026-08-09 13:12:02,6441274,GetRoundsHistory
2026-08-09 13:12:02,6441273,GetRoundsHistory
2026-08-09 13:12:02,6441272,GetRoundsHistory
2026-08-09 13:12:02,6441271,GetRoundsHistory
2026-08-09 13:12:02,6441270,GetRoundsHistory
2026-08-09 13:12:02,6441269,GetRoundsHistory
2026-08-09 13:12:02,6441268,GetRoundsHistory
2026-08-09 13:12:02,6441267,GetRoundsHistory
2026-08-09 13:12:02,6441266,GetRoundsHistory
2026-08-09 13:12:02,6441265,GetRoundsHistory
2026-08-09 13:12:02,6441264,GetRoundsHistory
2026-08-09 13:12:02,6441263,GetRoundsHistory
2026-08-09 13:12:02,6441262,GetRoundsHistory
2026-08-09 13:12:02,6441261,GetRoundsHistory
2026-08-09 13:12:02,6441260,GetRoundsHistory
2026-08-09 13:12:02,6441259,GetRoundsHistory
2026-08-09 13:12:02,6441258,GetRoundsHistory
2026-08-09 13:12:02,6441257,GetRoundsHistory
2026-08-09 13:12:02,6441256,GetRoundsHistory
2026-08-09 13:12:02,6441255,GetRoundsHistory
2026-08-09 13:12:02,6441254,GetRoundsHistory
2026-08-09 13:12:02,6441253,GetRoundsHistory
2026-08-09 13:12:02,6441252,GetRoundsHistory
2026-08-09 13:12:02,6441251,GetRoundsHistory
2026-08-09 13:12:02,6441250,GetRoundsHistory
2026-08-09 13:12:02,6441249,GetRoundsHistory
2026-08-09 13:12:02,6441248,GetRoundsHistory
2026-08-09 13:12:02,6441247,GetRoundsHistory
2026-08-09 13:12:02,6441246,GetRoundsHistory
2026-08-09 13:12:02,6441245,GetRoundsHistory
2026-08-09 13:12:02,6441244,GetRoundsHistory
2026-08-09 13:12:02,6441243,GetRoundsHistory
2026-08-09 13:12:02,6441242,GetRoundsHistory
2026-08-09 13:12:02,6441241,GetRoundsHistory
2026-08-09 13:12:02,6441240,GetRoundsHistory
2026-08-09 13:12:02,6441239,GetRoundsHistory
2026-08-09 13:12:02,6441238,GetRoundsHistory
2026-08-09 13:12:02,6441237,GetRoundsHistory
2026-08-09 13:12:02,6441236,GetRoundsHistory
2026-08-09 13:12:02,6441235,GetRoundsHistory
2026-08-09 13:12:02,6441234,GetRoundsHistory
2026-08-09 13:12:02,6441233,GetRoundsHistory
2026-08-09 13:12:02,6441232,GetRoundsHistory
2026-08-09 13:12:02,6441231,GetRoundsHistory
2026-08-09 13:12:02,6441230,GetRoundsHistory
2026-08-09 13:12:02,6441229,GetRoundsHistory
2026-08-09 13:12:02,6441228,GetRoundsHistory
2026-08-09 13:12:02,6441227,GetRoundsHistory
2026-08-09 13:12:02,6441226,GetRoundsHistory
2026-08-09 13:12:02,6441225,GetRoundsHistory
2026-08-09 13:12:02,6441224,GetRoundsHistory
2026-08-09 13:12:02,6441223,GetRoundsHistory
2026-08-09 13:12:02,6441222,GetRoundsHistory
2026-08-09 13:12:02,6441221,GetRoundsHistory
2026-08-09 13:12:02,6441220,GetRoundsHistory
2026-08-09 13:12:02,6441219,GetRoundsHistory
2026-08-09 13:12:02,6441218,GetRoundsHistory
2026-08-09 13:12:02,6441217,GetRoundsHistory
2026-08-09 13:12:02,6441216,GetRoundsHistory
2026-08-09 13:12:02,6441215,GetRoundsHistory
2026-08-09 13:12:02,6441214,GetRoundsHistory
2026-08-09 13:12:02,6441213,GetRoundsHistory
2026-08-09 13:12:02,6441212,GetRoundsHistory
2026-08-09 13:12:02,6441211,GetRoundsHistory
2026-08-09 13:12:02,6441210,GetRoundsHistory
2026-08-09 13:12:02,6441209,GetRoundsHistory
2026-08-09 13:12:02,6441208,GetRoundsHistory
2026-08-09 13:12:02,6441207,GetRoundsHistory
2026-08-09 13:12:02,6441206,GetRoundsHistory
2026-08-09 13:12:02,6441205,GetRoundsHistory
2026-08-09 13:12:02,6441204,GetRoundsHistory
2026-08-09 13:12:02,6441203,GetRoundsHistory
2026-08-09 13:12:02,6441202,GetRoundsHistory
2026-08-09 13:12:02,6441201,GetRoundsHistory
2026-08-09 13:12:02,6441200,GetRoundsHistory
2026-08-09 13:12:02,6441199,GetRoundsHistory
2026-08-09 13:12:02,6441198,GetRoundsHistory
2026-08-09 13:12:02,6441197,GetRoundsHistory
2026-08-09 13:12:02,6441196,GetRoundsHistory
2026-08-09 13:12:02,6441195,GetRoundsHistory
2026-08-09 13:12:02,6441194,GetRoundsHistory
2026-08-09 13:12:02,6441193,GetRoundsHistory
2026-08-09 13:12:02,6441192,GetRoundsHistory
2026-08-09 13:12:02,6441191,GetRoundsHistory
2026-08-09 13:12:02,6441190,GetRoundsHistory
2026-08-09 13:12:02,6441189,GetRoundsHistory
2026-08-09 13:12:02,6441188,GetRoundsHistory
2026-08-09 13:27:36,6441336,GetParticipants
2026-08-11 20:29:27,6451282,GetCurrentRound
2026-08-11 21:44:05,6451515,GetCurrentRound
2026-08-11 21:49:55,6451527,GetRoundsHistory
2026-08-11 21:49:55,6451526,GetRoundsHistory
2026-08-11 21:49:55,6451525,GetRoundsHistory
2026-08-11 21:49:55,6451524,GetRoundsHistory
2026-08-11 21:49:55,6451523,GetRoundsHistory
2026-08-11 21:49:55,6451522,GetRoundsHistory
2026-08-11 21:49:55,6451521,GetRoundsHistory
2026-08-11 21:49:55,6451520,GetRoundsHistory
2026-08-11 21:49:55,6451519,GetRoundsHistory
2026-08-11 21:49:55,6451518,GetRoundsHistory
2026-08-11 21:49:55,6451517,GetRoundsHistory
2026-08-11 21:49:55,6451516,GetRoundsHistory
2026-08-11 21:49:55,6451514,GetRoundsHistory
2026-08-11 21:49:55,6451513,GetRoundsHistory
2026-08-11 21:49:55,6451512,GetRoundsHistory
2026-08-11 21:49:55,6451511,GetRoundsHistory
2026-08-11 21:49:55,6451510,GetRoundsHistory
2026-08-11 21:49:55,6451509,GetRoundsHistory
2026-08-11 21:49:55,6451508,GetRoundsHistory
2026-08-11 21:49:55,6451507,GetRoundsHistory
2026-08-11 21:49:55,6451506,GetRoundsHistory
2026-08-11 21:49:55,6451505,GetRoundsHistory
2026-08-11 21:49:55,6451504,GetRoundsHistory
2026-08-11 21:49:55,6451503,GetRoundsHistory
2026-08-11 21:49:55,6451502,GetRoundsHistory
2026-08-11 21:49:55,6451501,GetRoundsHistory
2026-08-11 21:49:55,6451500,GetRoundsHistory
2026-08-11 21:49:55,6451499,GetRoundsHistory
2026-08-11 21:49:55,6451498,GetRoundsHistory
2026-08-11 21:49:55,6451497,GetRoundsHistory
2026-08-11 21:49:55,6451496,GetRoundsHistory
2026-08-11 21:49:55,6451495,GetRoundsHistory
2026-08-11 21:49:55,6451494,GetRoundsHistory
2026-08-11 21:49:55,6451493,GetRoundsHistory
2026-08-11 21:49:55,6451492,GetRoundsHistory
2026-08-11 21:49:55,6451491,GetRoundsHistory
2026-08-11 21:49:55,6451490,GetRoundsHistory
2026-08-11 21:49:55,6451489,GetRoundsHistory
2026-08-11 21:49:55,6451488,GetRoundsHistory
2026-08-11 21:49:55,6451487,GetRoundsHistory
2026-08-11 21:49:55,6451486,GetRoundsHistory
2026-08-11 21:49:55,6451485,GetRoundsHistory
2026-08-11 21:49:55,6451484,GetRoundsHistory
2026-08-11 21:49:55,6451483,GetRoundsHistory
2026-08-11 21:49:55,6451482,GetRoundsHistory
2026-08-11 21:49:55,6451481,GetRoundsHistory
2026-08-11 21:49:55,6451480,GetRoundsHistory
2026-08-11 21:49:55,6451479,GetRoundsHistory
2026-08-11 21:49:55,6451478,GetRoundsHistory
2026-08-11 21:49:55,6451477,GetRoundsHistory
2026-08-11 21:49:55,6451476,GetRoundsHistory
2026-08-11 21:49:55,6451475,GetRoundsHistory
2026-08-11 21:49:55,6451474,GetRoundsHistory
2026-08-11 21:49:55,6451473,GetRoundsHistory
2026-08-11 21:49:55,6451472,GetRoundsHistory
2026-08-11 21:49:55,6451471,GetRoundsHistory
2026-08-11 21:49:55,6451470,GetRoundsHistory
2026-08-11 21:49:55,6451469,GetRoundsHistory
2026-08-11 21:49:55,6451468,GetRoundsHistory
2026-08-11 21:49:55,6451467,GetRoundsHistory
2026-08-11 21:49:55,6451466,GetRoundsHistory
2026-08-11 21:49:55,6451465,GetRoundsHistory
2026-08-11 21:49:55,6451464,GetRoundsHistory
2026-08-11 21:49:55,6451463,GetRoundsHistory
2026-08-11 21:49:55,6451462,GetRoundsHistory
2026-08-11 21:49:55,6451461,GetRoundsHistory
2026-08-11 21:49:55,6451460,GetRoundsHistory
2026-08-11 21:49:55,6451459,GetRoundsHistory
2026-08-11 21:49:55,6451458,GetRoundsHistory
2026-08-11 21:49:55,6451457,GetRoundsHistory
2026-08-11 21:49:55,6451456,GetRoundsHistory
2026-08-11 21:49:55,6451455,GetRoundsHistory
2026-08-11 21:49:55,6451454,GetRoundsHistory
2026-08-11 21:49:55,6451453,GetRoundsHistory
2026-08-11 21:49:55,6451452,GetRoundsHistory
2026-08-11 21:49:55,6451451,GetRoundsHistory
2026-08-11 21:49:55,6451450,GetRoundsHistory
2026-08-11 21:49:55,6451449,GetRoundsHistory
2026-08-11 21:49:55,6451448,GetRoundsHistory
2026-08-11 21:49:55,6451447,GetRoundsHistory
2026-08-11 21:49:55,6451446,GetRoundsHistory
2026-08-11 21:49:55,6451445,GetRoundsHistory
2026-08-11 21:49:55,6451444,GetRoundsHistory
2026-08-11 21:49:55,6451443,GetRoundsHistory
2026-08-11 21:49:55,6451442,GetRoundsHistory
2026-08-11 21:49:55,6451441,GetRoundsHistory
2026-08-11 21:49:55,6451440,GetRoundsHistory
2026-08-11 21:49:55,6451439,GetRoundsHistory
2026-08-11 21:49:55,6451438,GetRoundsHistory
2026-08-11 21:49:55,6451437,GetRoundsHistory
2026-08-11 21:49:55,6451436,GetRoundsHistory
2026-08-11 21:49:55,6451435,GetRoundsHistory
2026-08-11 21:49:55,6451434,GetRoundsHistory
2026-08-11 21:49:55,6451433,GetRoundsHistory
2026-08-11 21:49:55,6451432,GetRoundsHistory
2026-08-11 21:49:55,6451431,GetRoundsHistory
2026-08-11 21:49:55,6451430,GetRoundsHistory
2026-08-11 21:49:55,6451429,GetRoundsHistory
2026-08-11 21:49:55,6451428,GetRoundsHistory
2026-08-11 21:49:56,6451528,GetCurrentRound
2026-08-11 21:50:46,6451531,GetCurrentRound
